problem,duplication,ordering,genome_size,mutation_rate,seed,evaluations
decode,accumulate,dag,5000,0.002,901,126599
decode,accumulate,dag,5000,0.002,902,220621
decode,accumulate,dag,5000,0.002,903,149881
decode,accumulate,dag,5000,0.002,904,145143
decode,accumulate,dag,5000,0.002,905,70382
decode,accumulate,dag,5000,0.002,906,192194
decode,accumulate,dag,5000,0.002,907,84508
decode,accumulate,dag,5000,0.002,908,155216
decode,accumulate,dag,5000,0.002,909,58871
decode,accumulate,dag,5000,0.002,910,112428
decode,accumulate,dag,5000,0.002,911,84373
decode,accumulate,dag,5000,0.002,912,144587
decode,accumulate,dag,5000,0.002,913,192456
decode,accumulate,dag,5000,0.002,914,103847
decode,accumulate,dag,5000,0.002,915,261439
decode,accumulate,dag,5000,0.002,916,144981
decode,accumulate,dag,5000,0.002,917,133593
decode,accumulate,dag,5000,0.002,918,196458
decode,accumulate,dag,5000,0.002,919,102687
decode,accumulate,dag,5000,0.002,920,162500
decode,accumulate,dag,5000,0.002,921,177674
decode,accumulate,dag,5000,0.002,922,149576
decode,accumulate,dag,5000,0.002,923,218704
decode,accumulate,dag,5000,0.002,924,144076
decode,accumulate,dag,5000,0.002,925,92122
decode,accumulate,dag,5000,0.002,926,101334
decode,accumulate,dag,5000,0.002,927,109228
decode,accumulate,dag,5000,0.002,928,168360
decode,accumulate,dag,5000,0.002,929,152500
decode,accumulate,dag,5000,0.002,930,101361
decode,accumulate,dag,5000,0.002,931,220519
decode,accumulate,dag,5000,0.002,932,116706
decode,accumulate,dag,5000,0.002,933,130299
decode,accumulate,dag,5000,0.002,934,127200
decode,accumulate,dag,5000,0.002,935,136700
decode,accumulate,dag,5000,0.002,936,105961
decode,accumulate,dag,5000,0.002,937,82657
decode,accumulate,dag,5000,0.002,938,132783
decode,accumulate,dag,5000,0.002,939,70475
decode,accumulate,dag,5000,0.002,940,91325
decode,accumulate,dag,5000,0.002,941,146778
decode,accumulate,dag,5000,0.002,942,123301
decode,accumulate,dag,5000,0.002,943,135012
decode,accumulate,dag,5000,0.002,944,146734
decode,accumulate,dag,5000,0.002,945,92367
decode,accumulate,dag,5000,0.002,946,124030
decode,accumulate,dag,5000,0.002,947,87537
decode,accumulate,dag,5000,0.002,948,167848
decode,accumulate,dag,5000,0.002,949,136106
decode,accumulate,dag,5000,0.002,950,87944
decode,accumulate,normal,1000,0.002,901,148382
decode,accumulate,normal,1000,0.002,902,76976
decode,accumulate,normal,1000,0.002,903,92715
decode,accumulate,normal,1000,0.002,904,63705
decode,accumulate,normal,1000,0.002,905,80014
decode,accumulate,normal,1000,0.002,906,37641
decode,accumulate,normal,1000,0.002,907,107663
decode,accumulate,normal,1000,0.002,908,89628
decode,accumulate,normal,1000,0.002,909,59354
decode,accumulate,normal,1000,0.002,910,40047
decode,accumulate,normal,1000,0.002,911,55949
decode,accumulate,normal,1000,0.002,912,139058
decode,accumulate,normal,1000,0.002,913,27021
decode,accumulate,normal,1000,0.002,914,61760
decode,accumulate,normal,1000,0.002,915,50879
decode,accumulate,normal,1000,0.002,916,54849
decode,accumulate,normal,1000,0.002,917,96888
decode,accumulate,normal,1000,0.002,918,109831
decode,accumulate,normal,1000,0.002,919,62733
decode,accumulate,normal,1000,0.002,920,62817
decode,accumulate,normal,1000,0.002,921,58289
decode,accumulate,normal,1000,0.002,922,27116
decode,accumulate,normal,1000,0.002,923,105894
decode,accumulate,normal,1000,0.002,924,77468
decode,accumulate,normal,1000,0.002,925,75592
decode,accumulate,normal,1000,0.002,926,56760
decode,accumulate,normal,1000,0.002,927,62868
decode,accumulate,normal,1000,0.002,928,122618
decode,accumulate,normal,1000,0.002,929,73109
decode,accumulate,normal,1000,0.002,930,77146
decode,accumulate,normal,1000,0.002,931,108865
decode,accumulate,normal,1000,0.002,932,72263
decode,accumulate,normal,1000,0.002,933,50017
decode,accumulate,normal,1000,0.002,934,86212
decode,accumulate,normal,1000,0.002,935,67975
decode,accumulate,normal,1000,0.002,936,50519
decode,accumulate,normal,1000,0.002,937,68660
decode,accumulate,normal,1000,0.002,938,58494
decode,accumulate,normal,1000,0.002,939,63239
decode,accumulate,normal,1000,0.002,940,72215
decode,accumulate,normal,1000,0.002,941,40844
decode,accumulate,normal,1000,0.002,942,47251
decode,accumulate,normal,1000,0.002,943,72229
decode,accumulate,normal,1000,0.002,944,69090
decode,accumulate,normal,1000,0.002,945,57494
decode,accumulate,normal,1000,0.002,946,80111
decode,accumulate,normal,1000,0.002,947,66806
decode,accumulate,normal,1000,0.002,948,191209
decode,accumulate,normal,1000,0.002,949,64203
decode,accumulate,normal,1000,0.002,950,43037
decode,accumulate,reorder,2000,0.002,901,69626
decode,accumulate,reorder,2000,0.002,902,112509
decode,accumulate,reorder,2000,0.002,903,131066
decode,accumulate,reorder,2000,0.002,904,133900
decode,accumulate,reorder,2000,0.002,905,68342
decode,accumulate,reorder,2000,0.002,906,82459
decode,accumulate,reorder,2000,0.002,907,67397
decode,accumulate,reorder,2000,0.002,908,67189
decode,accumulate,reorder,2000,0.002,909,122426
decode,accumulate,reorder,2000,0.002,910,112129
decode,accumulate,reorder,2000,0.002,911,67826
decode,accumulate,reorder,2000,0.002,912,47140
decode,accumulate,reorder,2000,0.002,913,55140
decode,accumulate,reorder,2000,0.002,914,77605
decode,accumulate,reorder,2000,0.002,915,73420
decode,accumulate,reorder,2000,0.002,916,52959
decode,accumulate,reorder,2000,0.002,917,73155
decode,accumulate,reorder,2000,0.002,918,94568
decode,accumulate,reorder,2000,0.002,919,73990
decode,accumulate,reorder,2000,0.002,920,89901
decode,accumulate,reorder,2000,0.002,921,36548
decode,accumulate,reorder,2000,0.002,922,89022
decode,accumulate,reorder,2000,0.002,923,56925
decode,accumulate,reorder,2000,0.002,924,49906
decode,accumulate,reorder,2000,0.002,925,72497
decode,accumulate,reorder,2000,0.002,926,72827
decode,accumulate,reorder,2000,0.002,927,159871
decode,accumulate,reorder,2000,0.002,928,89160
decode,accumulate,reorder,2000,0.002,929,28296
decode,accumulate,reorder,2000,0.002,930,176187
decode,accumulate,reorder,2000,0.002,931,72792
decode,accumulate,reorder,2000,0.002,932,74789
decode,accumulate,reorder,2000,0.002,933,145142
decode,accumulate,reorder,2000,0.002,934,53795
decode,accumulate,reorder,2000,0.002,935,45883
decode,accumulate,reorder,2000,0.002,936,40052
decode,accumulate,reorder,2000,0.002,937,135377
decode,accumulate,reorder,2000,0.002,938,53316
decode,accumulate,reorder,2000,0.002,939,54887
decode,accumulate,reorder,2000,0.002,940,122546
decode,accumulate,reorder,2000,0.002,941,83353
decode,accumulate,reorder,2000,0.002,942,75666
decode,accumulate,reorder,2000,0.002,943,71998
decode,accumulate,reorder,2000,0.002,944,67550
decode,accumulate,reorder,2000,0.002,945,68065
decode,accumulate,reorder,2000,0.002,946,144263
decode,accumulate,reorder,2000,0.002,947,44895
decode,accumulate,reorder,2000,0.002,948,135947
decode,accumulate,reorder,2000,0.002,949,108289
decode,accumulate,reorder,2000,0.002,950,27106
decode,single,dag,500,1,901,284387
decode,single,dag,500,1,902,216222
decode,single,dag,500,1,903,139664
decode,single,dag,500,1,904,161895
decode,single,dag,500,1,905,189586
decode,single,dag,500,1,906,132286
decode,single,dag,500,1,907,199906
decode,single,dag,500,1,908,128007
decode,single,dag,500,1,909,154760
decode,single,dag,500,1,910,260251
decode,single,dag,500,1,911,274647
decode,single,dag,500,1,912,98930
decode,single,dag,500,1,913,114249
decode,single,dag,500,1,914,80046
decode,single,dag,500,1,915,161655
decode,single,dag,500,1,916,140833
decode,single,dag,500,1,917,95184
decode,single,dag,500,1,918,210200
decode,single,dag,500,1,919,257770
decode,single,dag,500,1,920,108084
decode,single,dag,500,1,921,255228
decode,single,dag,500,1,922,219747
decode,single,dag,500,1,923,179798
decode,single,dag,500,1,924,158115
decode,single,dag,500,1,925,297024
decode,single,dag,500,1,926,159738
decode,single,dag,500,1,927,141354
decode,single,dag,500,1,928,156761
decode,single,dag,500,1,929,93850
decode,single,dag,500,1,930,139277
decode,single,dag,500,1,931,219202
decode,single,dag,500,1,932,77999
decode,single,dag,500,1,933,163743
decode,single,dag,500,1,934,271418
decode,single,dag,500,1,935,175389
decode,single,dag,500,1,936,108095
decode,single,dag,500,1,937,186656
decode,single,dag,500,1,938,120090
decode,single,dag,500,1,939,177969
decode,single,dag,500,1,940,200166
decode,single,dag,500,1,941,129682
decode,single,dag,500,1,942,135064
decode,single,dag,500,1,943,239718
decode,single,dag,500,1,944,178957
decode,single,dag,500,1,945,144942
decode,single,dag,500,1,946,244000
decode,single,dag,500,1,947,179181
decode,single,dag,500,1,948,121421
decode,single,dag,500,1,949,140076
decode,single,dag,500,1,950,58328
decode,single,normal,1000,1,901,99954
decode,single,normal,1000,1,902,48470
decode,single,normal,1000,1,903,68829
decode,single,normal,1000,1,904,104130
decode,single,normal,1000,1,905,102714
decode,single,normal,1000,1,906,51717
decode,single,normal,1000,1,907,54485
decode,single,normal,1000,1,908,98261
decode,single,normal,1000,1,909,87860
decode,single,normal,1000,1,910,74394
decode,single,normal,1000,1,911,57904
decode,single,normal,1000,1,912,62121
decode,single,normal,1000,1,913,62263
decode,single,normal,1000,1,914,31976
decode,single,normal,1000,1,915,70558
decode,single,normal,1000,1,916,82563
decode,single,normal,1000,1,917,93724
decode,single,normal,1000,1,918,157435
decode,single,normal,1000,1,919,67163
decode,single,normal,1000,1,920,35976
decode,single,normal,1000,1,921,78340
decode,single,normal,1000,1,922,40292
decode,single,normal,1000,1,923,32730
decode,single,normal,1000,1,924,51491
decode,single,normal,1000,1,925,43715
decode,single,normal,1000,1,926,53972
decode,single,normal,1000,1,927,136534
decode,single,normal,1000,1,928,45490
decode,single,normal,1000,1,929,58644
decode,single,normal,1000,1,930,92766
decode,single,normal,1000,1,931,92229
decode,single,normal,1000,1,932,62435
decode,single,normal,1000,1,933,70567
decode,single,normal,1000,1,934,70174
decode,single,normal,1000,1,935,89794
decode,single,normal,1000,1,936,45066
decode,single,normal,1000,1,937,77152
decode,single,normal,1000,1,938,117763
decode,single,normal,1000,1,939,71263
decode,single,normal,1000,1,940,76054
decode,single,normal,1000,1,941,68809
decode,single,normal,1000,1,942,42804
decode,single,normal,1000,1,943,58102
decode,single,normal,1000,1,944,64024
decode,single,normal,1000,1,945,67156
decode,single,normal,1000,1,946,73318
decode,single,normal,1000,1,947,73313
decode,single,normal,1000,1,948,72185
decode,single,normal,1000,1,949,64013
decode,single,normal,1000,1,950,46616
decode,single,reorder,500,1,901,93809
decode,single,reorder,500,1,902,165510
decode,single,reorder,500,1,903,71560
decode,single,reorder,500,1,904,80311
decode,single,reorder,500,1,905,64839
decode,single,reorder,500,1,906,47239
decode,single,reorder,500,1,907,54956
decode,single,reorder,500,1,908,63183
decode,single,reorder,500,1,909,80706
decode,single,reorder,500,1,910,83825
decode,single,reorder,500,1,911,75728
decode,single,reorder,500,1,912,55709
decode,single,reorder,500,1,913,58782
decode,single,reorder,500,1,914,65057
decode,single,reorder,500,1,915,54066
decode,single,reorder,500,1,916,54576
decode,single,reorder,500,1,917,27303
decode,single,reorder,500,1,918,51102
decode,single,reorder,500,1,919,110480
decode,single,reorder,500,1,920,131847
decode,single,reorder,500,1,921,45245
decode,single,reorder,500,1,922,55222
decode,single,reorder,500,1,923,145092
decode,single,reorder,500,1,924,38124
decode,single,reorder,500,1,925,64064
decode,single,reorder,500,1,926,50121
decode,single,reorder,500,1,927,62197
decode,single,reorder,500,1,928,67410
decode,single,reorder,500,1,929,37096
decode,single,reorder,500,1,930,68610
decode,single,reorder,500,1,931,67133
decode,single,reorder,500,1,932,55569
decode,single,reorder,500,1,933,63398
decode,single,reorder,500,1,934,34204
decode,single,reorder,500,1,935,120327
decode,single,reorder,500,1,936,35699
decode,single,reorder,500,1,937,69891
decode,single,reorder,500,1,938,79529
decode,single,reorder,500,1,939,55628
decode,single,reorder,500,1,940,85016
decode,single,reorder,500,1,941,48382
decode,single,reorder,500,1,942,43949
decode,single,reorder,500,1,943,125250
decode,single,reorder,500,1,944,55971
decode,single,reorder,500,1,945,71876
decode,single,reorder,500,1,946,42008
decode,single,reorder,500,1,947,142125
decode,single,reorder,500,1,948,52416
decode,single,reorder,500,1,949,73985
decode,single,reorder,500,1,950,82276
decode,skip,dag,10000,0.001,901,143983
decode,skip,dag,10000,0.001,902,135198
decode,skip,dag,10000,0.001,903,169472
decode,skip,dag,10000,0.001,904,154416
decode,skip,dag,10000,0.001,905,196602
decode,skip,dag,10000,0.001,906,152718
decode,skip,dag,10000,0.001,907,111316
decode,skip,dag,10000,0.001,908,152829
decode,skip,dag,10000,0.001,909,71405
decode,skip,dag,10000,0.001,910,91025
decode,skip,dag,10000,0.001,911,162052
decode,skip,dag,10000,0.001,912,130444
decode,skip,dag,10000,0.001,913,164431
decode,skip,dag,10000,0.001,914,100433
decode,skip,dag,10000,0.001,915,138124
decode,skip,dag,10000,0.001,916,111592
decode,skip,dag,10000,0.001,917,112266
decode,skip,dag,10000,0.001,918,105624
decode,skip,dag,10000,0.001,919,35168
decode,skip,dag,10000,0.001,920,73226
decode,skip,dag,10000,0.001,921,165934
decode,skip,dag,10000,0.001,922,111374
decode,skip,dag,10000,0.001,923,171377
decode,skip,dag,10000,0.001,924,106705
decode,skip,dag,10000,0.001,925,61384
decode,skip,dag,10000,0.001,926,139787
decode,skip,dag,10000,0.001,927,226647
decode,skip,dag,10000,0.001,928,139238
decode,skip,dag,10000,0.001,929,240139
decode,skip,dag,10000,0.001,930,178661
decode,skip,dag,10000,0.001,931,151244
decode,skip,dag,10000,0.001,932,157562
decode,skip,dag,10000,0.001,933,76721
decode,skip,dag,10000,0.001,934,167457
decode,skip,dag,10000,0.001,935,107768
decode,skip,dag,10000,0.001,936,126356
decode,skip,dag,10000,0.001,937,129403
decode,skip,dag,10000,0.001,938,116970
decode,skip,dag,10000,0.001,939,138321
decode,skip,dag,10000,0.001,940,138749
decode,skip,dag,10000,0.001,941,71944
decode,skip,dag,10000,0.001,942,79778
decode,skip,dag,10000,0.001,943,58977
decode,skip,dag,10000,0.001,944,75723
decode,skip,dag,10000,0.001,945,270116
decode,skip,dag,10000,0.001,946,72283
decode,skip,dag,10000,0.001,947,103188
decode,skip,dag,10000,0.001,948,136216
decode,skip,dag,10000,0.001,949,172294
decode,skip,dag,10000,0.001,950,96130
decode,skip,normal,1000,0.002,901,44071
decode,skip,normal,1000,0.002,902,75241
decode,skip,normal,1000,0.002,903,114919
decode,skip,normal,1000,0.002,904,107041
decode,skip,normal,1000,0.002,905,67514
decode,skip,normal,1000,0.002,906,50715
decode,skip,normal,1000,0.002,907,58809
decode,skip,normal,1000,0.002,908,70924
decode,skip,normal,1000,0.002,909,43979
decode,skip,normal,1000,0.002,910,53157
decode,skip,normal,1000,0.002,911,44649
decode,skip,normal,1000,0.002,912,63448
decode,skip,normal,1000,0.002,913,75931
decode,skip,normal,1000,0.002,914,44900
decode,skip,normal,1000,0.002,915,66050
decode,skip,normal,1000,0.002,916,58618
decode,skip,normal,1000,0.002,917,33665
decode,skip,normal,1000,0.002,918,131494
decode,skip,normal,1000,0.002,919,76028
decode,skip,normal,1000,0.002,920,69411
decode,skip,normal,1000,0.002,921,51307
decode,skip,normal,1000,0.002,922,79479
decode,skip,normal,1000,0.002,923,58168
decode,skip,normal,1000,0.002,924,89666
decode,skip,normal,1000,0.002,925,68949
decode,skip,normal,1000,0.002,926,67042
decode,skip,normal,1000,0.002,927,82627
decode,skip,normal,1000,0.002,928,66092
decode,skip,normal,1000,0.002,929,61623
decode,skip,normal,1000,0.002,930,61169
decode,skip,normal,1000,0.002,931,49796
decode,skip,normal,1000,0.002,932,93167
decode,skip,normal,1000,0.002,933,56480
decode,skip,normal,1000,0.002,934,71851
decode,skip,normal,1000,0.002,935,22670
decode,skip,normal,1000,0.002,936,87394
decode,skip,normal,1000,0.002,937,109078
decode,skip,normal,1000,0.002,938,70239
decode,skip,normal,1000,0.002,939,127904
decode,skip,normal,1000,0.002,940,130978
decode,skip,normal,1000,0.002,941,111656
decode,skip,normal,1000,0.002,942,83387
decode,skip,normal,1000,0.002,943,109224
decode,skip,normal,1000,0.002,944,50848
decode,skip,normal,1000,0.002,945,107120
decode,skip,normal,1000,0.002,946,38629
decode,skip,normal,1000,0.002,947,53934
decode,skip,normal,1000,0.002,948,70098
decode,skip,normal,1000,0.002,949,157337
decode,skip,normal,1000,0.002,950,63384
decode,skip,reorder,2000,0.002,901,47767
decode,skip,reorder,2000,0.002,902,28950
decode,skip,reorder,2000,0.002,903,106027
decode,skip,reorder,2000,0.002,904,45757
decode,skip,reorder,2000,0.002,905,54927
decode,skip,reorder,2000,0.002,906,44150
decode,skip,reorder,2000,0.002,907,78851
decode,skip,reorder,2000,0.002,908,59562
decode,skip,reorder,2000,0.002,909,42489
decode,skip,reorder,2000,0.002,910,85861
decode,skip,reorder,2000,0.002,911,102003
decode,skip,reorder,2000,0.002,912,42757
decode,skip,reorder,2000,0.002,913,142150
decode,skip,reorder,2000,0.002,914,25194
decode,skip,reorder,2000,0.002,915,51280
decode,skip,reorder,2000,0.002,916,46945
decode,skip,reorder,2000,0.002,917,66159
decode,skip,reorder,2000,0.002,918,27023
decode,skip,reorder,2000,0.002,919,137836
decode,skip,reorder,2000,0.002,920,37922
decode,skip,reorder,2000,0.002,921,28314
decode,skip,reorder,2000,0.002,922,90838
decode,skip,reorder,2000,0.002,923,106610
decode,skip,reorder,2000,0.002,924,60173
decode,skip,reorder,2000,0.002,925,54291
decode,skip,reorder,2000,0.002,926,190209
decode,skip,reorder,2000,0.002,927,59516
decode,skip,reorder,2000,0.002,928,32292
decode,skip,reorder,2000,0.002,929,54409
decode,skip,reorder,2000,0.002,930,63922
decode,skip,reorder,2000,0.002,931,91983
decode,skip,reorder,2000,0.002,932,72779
decode,skip,reorder,2000,0.002,933,89137
decode,skip,reorder,2000,0.002,934,121970
decode,skip,reorder,2000,0.002,935,116275
decode,skip,reorder,2000,0.002,936,116693
decode,skip,reorder,2000,0.002,937,78106
decode,skip,reorder,2000,0.002,938,46940
decode,skip,reorder,2000,0.002,939,36994
decode,skip,reorder,2000,0.002,940,100610
decode,skip,reorder,2000,0.002,941,48205
decode,skip,reorder,2000,0.002,942,58331
decode,skip,reorder,2000,0.002,943,70070
decode,skip,reorder,2000,0.002,944,98716
decode,skip,reorder,2000,0.002,945,75178
decode,skip,reorder,2000,0.002,946,135106
decode,skip,reorder,2000,0.002,947,146426
decode,skip,reorder,2000,0.002,948,62831
decode,skip,reorder,2000,0.002,949,62876
decode,skip,reorder,2000,0.002,950,51560
encode,accumulate,dag,10000,0.002,901,31595
encode,accumulate,dag,10000,0.002,902,10380
encode,accumulate,dag,10000,0.002,903,17507
encode,accumulate,dag,10000,0.002,904,11529
encode,accumulate,dag,10000,0.002,905,25468
encode,accumulate,dag,10000,0.002,906,40643
encode,accumulate,dag,10000,0.002,907,19131
encode,accumulate,dag,10000,0.002,908,24198
encode,accumulate,dag,10000,0.002,909,13068
encode,accumulate,dag,10000,0.002,910,32679
encode,accumulate,dag,10000,0.002,911,12779
encode,accumulate,dag,10000,0.002,912,27337
encode,accumulate,dag,10000,0.002,913,7415
encode,accumulate,dag,10000,0.002,914,124435
encode,accumulate,dag,10000,0.002,915,29016
encode,accumulate,dag,10000,0.002,916,260674
encode,accumulate,dag,10000,0.002,917,124967
encode,accumulate,dag,10000,0.002,918,12085
encode,accumulate,dag,10000,0.002,919,27280
encode,accumulate,dag,10000,0.002,920,31512
encode,accumulate,dag,10000,0.002,921,85997
encode,accumulate,dag,10000,0.002,922,14252
encode,accumulate,dag,10000,0.002,923,7598
encode,accumulate,dag,10000,0.002,924,65942
encode,accumulate,dag,10000,0.002,925,64461
encode,accumulate,dag,10000,0.002,926,9125
encode,accumulate,dag,10000,0.002,927,25196
encode,accumulate,dag,10000,0.002,928,54823
encode,accumulate,dag,10000,0.002,929,37109
encode,accumulate,dag,10000,0.002,930,17868
encode,accumulate,dag,10000,0.002,931,13643
encode,accumulate,dag,10000,0.002,932,15358
encode,accumulate,dag,10000,0.002,933,24515
encode,accumulate,dag,10000,0.002,934,62679
encode,accumulate,dag,10000,0.002,935,56264
encode,accumulate,dag,10000,0.002,936,46759
encode,accumulate,dag,10000,0.002,937,19238
encode,accumulate,dag,10000,0.002,938,30371
encode,accumulate,dag,10000,0.002,939,8900
encode,accumulate,dag,10000,0.002,940,14440
encode,accumulate,dag,10000,0.002,941,9162
encode,accumulate,dag,10000,0.002,942,17828
encode,accumulate,dag,10000,0.002,943,75053
encode,accumulate,dag,10000,0.002,944,16042
encode,accumulate,dag,10000,0.002,945,46655
encode,accumulate,dag,10000,0.002,946,11124
encode,accumulate,dag,10000,0.002,947,192681
encode,accumulate,dag,10000,0.002,948,6852
encode,accumulate,dag,10000,0.002,949,126122
encode,accumulate,dag,10000,0.002,950,15830
encode,accumulate,normal,10000,0.005,901,37011
encode,accumulate,normal,10000,0.005,902,17906
encode,accumulate,normal,10000,0.005,903,26929
encode,accumulate,normal,10000,0.005,904,27559
encode,accumulate,normal,10000,0.005,905,19043
encode,accumulate,normal,10000,0.005,906,14682
encode,accumulate,normal,10000,0.005,907,22394
encode,accumulate,normal,10000,0.005,908,11194
encode,accumulate,normal,10000,0.005,909,22268
encode,accumulate,normal,10000,0.005,910,48759
encode,accumulate,normal,10000,0.005,911,21705
encode,accumulate,normal,10000,0.005,912,25308
encode,accumulate,normal,10000,0.005,913,34247
encode,accumulate,normal,10000,0.005,914,17093
encode,accumulate,normal,10000,0.005,915,34508
encode,accumulate,normal,10000,0.005,916,27987
encode,accumulate,normal,10000,0.005,917,18187
encode,accumulate,normal,10000,0.005,918,25040
encode,accumulate,normal,10000,0.005,919,22741
encode,accumulate,normal,10000,0.005,920,45742
encode,accumulate,normal,10000,0.005,921,24058
encode,accumulate,normal,10000,0.005,922,11703
encode,accumulate,normal,10000,0.005,923,27090
encode,accumulate,normal,10000,0.005,924,11985
encode,accumulate,normal,10000,0.005,925,25732
encode,accumulate,normal,10000,0.005,926,21151
encode,accumulate,normal,10000,0.005,927,18515
encode,accumulate,normal,10000,0.005,928,20216
encode,accumulate,normal,10000,0.005,929,6503
encode,accumulate,normal,10000,0.005,930,12211
encode,accumulate,normal,10000,0.005,931,18741
encode,accumulate,normal,10000,0.005,932,71178
encode,accumulate,normal,10000,0.005,933,45816
encode,accumulate,normal,10000,0.005,934,58244
encode,accumulate,normal,10000,0.005,935,11691
encode,accumulate,normal,10000,0.005,936,17847
encode,accumulate,normal,10000,0.005,937,15520
encode,accumulate,normal,10000,0.005,938,30005
encode,accumulate,normal,10000,0.005,939,9359
encode,accumulate,normal,10000,0.005,940,9210
encode,accumulate,normal,10000,0.005,941,34589
encode,accumulate,normal,10000,0.005,942,69168
encode,accumulate,normal,10000,0.005,943,14095
encode,accumulate,normal,10000,0.005,944,11302
encode,accumulate,normal,10000,0.005,945,13435
encode,accumulate,normal,10000,0.005,946,18463
encode,accumulate,normal,10000,0.005,947,63056
encode,accumulate,normal,10000,0.005,948,19678
encode,accumulate,normal,10000,0.005,949,26138
encode,accumulate,normal,10000,0.005,950,15228
encode,accumulate,reorder,10000,0.002,901,37992
encode,accumulate,reorder,10000,0.002,902,42044
encode,accumulate,reorder,10000,0.002,903,19341
encode,accumulate,reorder,10000,0.002,904,6698
encode,accumulate,reorder,10000,0.002,905,16205
encode,accumulate,reorder,10000,0.002,906,113258
encode,accumulate,reorder,10000,0.002,907,30593
encode,accumulate,reorder,10000,0.002,908,18181
encode,accumulate,reorder,10000,0.002,909,34562
encode,accumulate,reorder,10000,0.002,910,145766
encode,accumulate,reorder,10000,0.002,911,15489
encode,accumulate,reorder,10000,0.002,912,9307
encode,accumulate,reorder,10000,0.002,913,31395
encode,accumulate,reorder,10000,0.002,914,44318
encode,accumulate,reorder,10000,0.002,915,74964
encode,accumulate,reorder,10000,0.002,916,37917
encode,accumulate,reorder,10000,0.002,917,4276
encode,accumulate,reorder,10000,0.002,918,9105
encode,accumulate,reorder,10000,0.002,919,11141
encode,accumulate,reorder,10000,0.002,920,40017
encode,accumulate,reorder,10000,0.002,921,32765
encode,accumulate,reorder,10000,0.002,922,13616
encode,accumulate,reorder,10000,0.002,923,12993
encode,accumulate,reorder,10000,0.002,924,37892
encode,accumulate,reorder,10000,0.002,925,14199
encode,accumulate,reorder,10000,0.002,926,8520
encode,accumulate,reorder,10000,0.002,927,19976
encode,accumulate,reorder,10000,0.002,928,164051
encode,accumulate,reorder,10000,0.002,929,19306
encode,accumulate,reorder,10000,0.002,930,20444
encode,accumulate,reorder,10000,0.002,931,7311
encode,accumulate,reorder,10000,0.002,932,24978
encode,accumulate,reorder,10000,0.002,933,11427
encode,accumulate,reorder,10000,0.002,934,89978
encode,accumulate,reorder,10000,0.002,935,26557
encode,accumulate,reorder,10000,0.002,936,8135
encode,accumulate,reorder,10000,0.002,937,3887
encode,accumulate,reorder,10000,0.002,938,24328
encode,accumulate,reorder,10000,0.002,939,7555
encode,accumulate,reorder,10000,0.002,940,18084
encode,accumulate,reorder,10000,0.002,941,11880
encode,accumulate,reorder,10000,0.002,942,13196
encode,accumulate,reorder,10000,0.002,943,5213
encode,accumulate,reorder,10000,0.002,944,21468
encode,accumulate,reorder,10000,0.002,945,7149
encode,accumulate,reorder,10000,0.002,946,14100
encode,accumulate,reorder,10000,0.002,947,10412
encode,accumulate,reorder,10000,0.002,948,14673
encode,accumulate,reorder,10000,0.002,949,17369
encode,accumulate,reorder,10000,0.002,950,23241
encode,single,dag,100,1,901,20905
encode,single,dag,100,1,902,64584
encode,single,dag,100,1,903,28219
encode,single,dag,100,1,904,31989
encode,single,dag,100,1,905,27009
encode,single,dag,100,1,906,36609
encode,single,dag,100,1,907,53707
encode,single,dag,100,1,908,49569
encode,single,dag,100,1,909,52197
encode,single,dag,100,1,910,34020
encode,single,dag,100,1,911,22587
encode,single,dag,100,1,912,34298
encode,single,dag,100,1,913,19354
encode,single,dag,100,1,914,18582
encode,single,dag,100,1,915,27605
encode,single,dag,100,1,916,23064
encode,single,dag,100,1,917,38791
encode,single,dag,100,1,918,57845
encode,single,dag,100,1,919,39510
encode,single,dag,100,1,920,23004
encode,single,dag,100,1,921,32379
encode,single,dag,100,1,922,112606
encode,single,dag,100,1,923,62100
encode,single,dag,100,1,924,36007
encode,single,dag,100,1,925,62262
encode,single,dag,100,1,926,31540
encode,single,dag,100,1,927,24398
encode,single,dag,100,1,928,42847
encode,single,dag,100,1,929,34119
encode,single,dag,100,1,930,37703
encode,single,dag,100,1,931,20964
encode,single,dag,100,1,932,26522
encode,single,dag,100,1,933,62298
encode,single,dag,100,1,934,28894
encode,single,dag,100,1,935,60463
encode,single,dag,100,1,936,76385
encode,single,dag,100,1,937,23701
encode,single,dag,100,1,938,65217
encode,single,dag,100,1,939,41004
encode,single,dag,100,1,940,20463
encode,single,dag,100,1,941,39479
encode,single,dag,100,1,942,33369
encode,single,dag,100,1,943,25225
encode,single,dag,100,1,944,32301
encode,single,dag,100,1,945,153533
encode,single,dag,100,1,946,30769
encode,single,dag,100,1,947,13385
encode,single,dag,100,1,948,35717
encode,single,dag,100,1,949,45914
encode,single,dag,100,1,950,44537
encode,single,normal,2000,1,901,20447
encode,single,normal,2000,1,902,57606
encode,single,normal,2000,1,903,14461
encode,single,normal,2000,1,904,63190
encode,single,normal,2000,1,905,30662
encode,single,normal,2000,1,906,13169
encode,single,normal,2000,1,907,90783
encode,single,normal,2000,1,908,16076
encode,single,normal,2000,1,909,37500
encode,single,normal,2000,1,910,13388
encode,single,normal,2000,1,911,31705
encode,single,normal,2000,1,912,44429
encode,single,normal,2000,1,913,14895
encode,single,normal,2000,1,914,89001
encode,single,normal,2000,1,915,27216
encode,single,normal,2000,1,916,9557
encode,single,normal,2000,1,917,18532
encode,single,normal,2000,1,918,220227
encode,single,normal,2000,1,919,22129
encode,single,normal,2000,1,920,33928
encode,single,normal,2000,1,921,36708
encode,single,normal,2000,1,922,9601
encode,single,normal,2000,1,923,32336
encode,single,normal,2000,1,924,30589
encode,single,normal,2000,1,925,51147
encode,single,normal,2000,1,926,25952
encode,single,normal,2000,1,927,42261
encode,single,normal,2000,1,928,17088
encode,single,normal,2000,1,929,106673
encode,single,normal,2000,1,930,12386
encode,single,normal,2000,1,931,4088
encode,single,normal,2000,1,932,135989
encode,single,normal,2000,1,933,10894
encode,single,normal,2000,1,934,34593
encode,single,normal,2000,1,935,275059
encode,single,normal,2000,1,936,103163
encode,single,normal,2000,1,937,13819
encode,single,normal,2000,1,938,56470
encode,single,normal,2000,1,939,62612
encode,single,normal,2000,1,940,33108
encode,single,normal,2000,1,941,36589
encode,single,normal,2000,1,942,21617
encode,single,normal,2000,1,943,31453
encode,single,normal,2000,1,944,21452
encode,single,normal,2000,1,945,18001
encode,single,normal,2000,1,946,20539
encode,single,normal,2000,1,947,44171
encode,single,normal,2000,1,948,43154
encode,single,normal,2000,1,949,11611
encode,single,normal,2000,1,950,9118
encode,single,reorder,100,1,901,23148
encode,single,reorder,100,1,902,78736
encode,single,reorder,100,1,903,23956
encode,single,reorder,100,1,904,39642
encode,single,reorder,100,1,905,22965
encode,single,reorder,100,1,906,24888
encode,single,reorder,100,1,907,37125
encode,single,reorder,100,1,908,16037
encode,single,reorder,100,1,909,24073
encode,single,reorder,100,1,910,50342
encode,single,reorder,100,1,911,23966
encode,single,reorder,100,1,912,22793
encode,single,reorder,100,1,913,27850
encode,single,reorder,100,1,914,36009
encode,single,reorder,100,1,915,15751
encode,single,reorder,100,1,916,35833
encode,single,reorder,100,1,917,45873
encode,single,reorder,100,1,918,18400
encode,single,reorder,100,1,919,44676
encode,single,reorder,100,1,920,16049
encode,single,reorder,100,1,921,15838
encode,single,reorder,100,1,922,9322
encode,single,reorder,100,1,923,20791
encode,single,reorder,100,1,924,27107
encode,single,reorder,100,1,925,29887
encode,single,reorder,100,1,926,33382
encode,single,reorder,100,1,927,34852
encode,single,reorder,100,1,928,19000
encode,single,reorder,100,1,929,43362
encode,single,reorder,100,1,930,33594
encode,single,reorder,100,1,931,22354
encode,single,reorder,100,1,932,33472
encode,single,reorder,100,1,933,47039
encode,single,reorder,100,1,934,41224
encode,single,reorder,100,1,935,22970
encode,single,reorder,100,1,936,7944
encode,single,reorder,100,1,937,28025
encode,single,reorder,100,1,938,49397
encode,single,reorder,100,1,939,24472
encode,single,reorder,100,1,940,33436
encode,single,reorder,100,1,941,30973
encode,single,reorder,100,1,942,24311
encode,single,reorder,100,1,943,11320
encode,single,reorder,100,1,944,26010
encode,single,reorder,100,1,945,14811
encode,single,reorder,100,1,946,40079
encode,single,reorder,100,1,947,22067
encode,single,reorder,100,1,948,40836
encode,single,reorder,100,1,949,38870
encode,single,reorder,100,1,950,23684
encode,skip,dag,10000,0.002,901,20686
encode,skip,dag,10000,0.002,902,67234
encode,skip,dag,10000,0.002,903,61408
encode,skip,dag,10000,0.002,904,8492
encode,skip,dag,10000,0.002,905,37310
encode,skip,dag,10000,0.002,906,49990
encode,skip,dag,10000,0.002,907,19131
encode,skip,dag,10000,0.002,908,13120
encode,skip,dag,10000,0.002,909,10690
encode,skip,dag,10000,0.002,910,10465
encode,skip,dag,10000,0.002,911,39361
encode,skip,dag,10000,0.002,912,17332
encode,skip,dag,10000,0.002,913,26186
encode,skip,dag,10000,0.002,914,20913
encode,skip,dag,10000,0.002,915,155390
encode,skip,dag,10000,0.002,916,60812
encode,skip,dag,10000,0.002,917,50826
encode,skip,dag,10000,0.002,918,31186
encode,skip,dag,10000,0.002,919,53592
encode,skip,dag,10000,0.002,920,20794
encode,skip,dag,10000,0.002,921,29037
encode,skip,dag,10000,0.002,922,82196
encode,skip,dag,10000,0.002,923,25126
encode,skip,dag,10000,0.002,924,21648
encode,skip,dag,10000,0.002,925,37712
encode,skip,dag,10000,0.002,926,116672
encode,skip,dag,10000,0.002,927,25196
encode,skip,dag,10000,0.002,928,10842
encode,skip,dag,10000,0.002,929,59201
encode,skip,dag,10000,0.002,930,42040
encode,skip,dag,10000,0.002,931,13643
encode,skip,dag,10000,0.002,932,29054
encode,skip,dag,10000,0.002,933,68237
encode,skip,dag,10000,0.002,934,9155
encode,skip,dag,10000,0.002,935,33860
encode,skip,dag,10000,0.002,936,48250
encode,skip,dag,10000,0.002,937,15707
encode,skip,dag,10000,0.002,938,46860
encode,skip,dag,10000,0.002,939,66565
encode,skip,dag,10000,0.002,940,18943
encode,skip,dag,10000,0.002,941,14279
encode,skip,dag,10000,0.002,942,18505
encode,skip,dag,10000,0.002,943,15507
encode,skip,dag,10000,0.002,944,12893
encode,skip,dag,10000,0.002,945,16636
encode,skip,dag,10000,0.002,946,15294
encode,skip,dag,10000,0.002,947,15328
encode,skip,dag,10000,0.002,948,32038
encode,skip,dag,10000,0.002,949,7150
encode,skip,dag,10000,0.002,950,26160
encode,skip,normal,10000,0.005,901,8452
encode,skip,normal,10000,0.005,902,14831
encode,skip,normal,10000,0.005,903,40509
encode,skip,normal,10000,0.005,904,6317
encode,skip,normal,10000,0.005,905,41589
encode,skip,normal,10000,0.005,906,48497
encode,skip,normal,10000,0.005,907,45239
encode,skip,normal,10000,0.005,908,5802
encode,skip,normal,10000,0.005,909,13718
encode,skip,normal,10000,0.005,910,5729
encode,skip,normal,10000,0.005,911,27343
encode,skip,normal,10000,0.005,912,52107
encode,skip,normal,10000,0.005,913,9576
encode,skip,normal,10000,0.005,914,12277
encode,skip,normal,10000,0.005,915,104003
encode,skip,normal,10000,0.005,916,14449
encode,skip,normal,10000,0.005,917,10627
encode,skip,normal,10000,0.005,918,21356
encode,skip,normal,10000,0.005,919,42299
encode,skip,normal,10000,0.005,920,11950
encode,skip,normal,10000,0.005,921,80006
encode,skip,normal,10000,0.005,922,13739
encode,skip,normal,10000,0.005,923,12392
encode,skip,normal,10000,0.005,924,26080
encode,skip,normal,10000,0.005,925,70018
encode,skip,normal,10000,0.005,926,28366
encode,skip,normal,10000,0.005,927,8905
encode,skip,normal,10000,0.005,928,52281
encode,skip,normal,10000,0.005,929,19921
encode,skip,normal,10000,0.005,930,8292
encode,skip,normal,10000,0.005,931,9954
encode,skip,normal,10000,0.005,932,11767
encode,skip,normal,10000,0.005,933,21438
encode,skip,normal,10000,0.005,934,26966
encode,skip,normal,10000,0.005,935,39409
encode,skip,normal,10000,0.005,936,21824
encode,skip,normal,10000,0.005,937,7290
encode,skip,normal,10000,0.005,938,13435
encode,skip,normal,10000,0.005,939,40797
encode,skip,normal,10000,0.005,940,11904
encode,skip,normal,10000,0.005,941,12606
encode,skip,normal,10000,0.005,942,34568
encode,skip,normal,10000,0.005,943,23120
encode,skip,normal,10000,0.005,944,15805
encode,skip,normal,10000,0.005,945,37074
encode,skip,normal,10000,0.005,946,23816
encode,skip,normal,10000,0.005,947,11929
encode,skip,normal,10000,0.005,948,11418
encode,skip,normal,10000,0.005,949,16647
encode,skip,normal,10000,0.005,950,10335
encode,skip,reorder,10000,0.002,901,26598
encode,skip,reorder,10000,0.002,902,16301
encode,skip,reorder,10000,0.002,903,27218
encode,skip,reorder,10000,0.002,904,21541
encode,skip,reorder,10000,0.002,905,52745
encode,skip,reorder,10000,0.002,906,41254
encode,skip,reorder,10000,0.002,907,9089
encode,skip,reorder,10000,0.002,908,15845
encode,skip,reorder,10000,0.002,909,10101
encode,skip,reorder,10000,0.002,910,15575
encode,skip,reorder,10000,0.002,911,39786
encode,skip,reorder,10000,0.002,912,12104
encode,skip,reorder,10000,0.002,913,10050
encode,skip,reorder,10000,0.002,914,29597
encode,skip,reorder,10000,0.002,915,44682
encode,skip,reorder,10000,0.002,916,24972
encode,skip,reorder,10000,0.002,917,9862
encode,skip,reorder,10000,0.002,918,12219
encode,skip,reorder,10000,0.002,919,36320
encode,skip,reorder,10000,0.002,920,45543
encode,skip,reorder,10000,0.002,921,21359
encode,skip,reorder,10000,0.002,922,28456
encode,skip,reorder,10000,0.002,923,52759
encode,skip,reorder,10000,0.002,924,27799
encode,skip,reorder,10000,0.002,925,29454
encode,skip,reorder,10000,0.002,926,14570
encode,skip,reorder,10000,0.002,927,14057
encode,skip,reorder,10000,0.002,928,41870
encode,skip,reorder,10000,0.002,929,23341
encode,skip,reorder,10000,0.002,930,8626
encode,skip,reorder,10000,0.002,931,14357
encode,skip,reorder,10000,0.002,932,8827
encode,skip,reorder,10000,0.002,933,102957
encode,skip,reorder,10000,0.002,934,49644
encode,skip,reorder,10000,0.002,935,13524
encode,skip,reorder,10000,0.002,936,17917
encode,skip,reorder,10000,0.002,937,12109
encode,skip,reorder,10000,0.002,938,17850
encode,skip,reorder,10000,0.002,939,5376
encode,skip,reorder,10000,0.002,940,27534
encode,skip,reorder,10000,0.002,941,10630
encode,skip,reorder,10000,0.002,942,9841
encode,skip,reorder,10000,0.002,943,14603
encode,skip,reorder,10000,0.002,944,12135
encode,skip,reorder,10000,0.002,945,8842
encode,skip,reorder,10000,0.002,946,23700
encode,skip,reorder,10000,0.002,947,33757
encode,skip,reorder,10000,0.002,948,8483
encode,skip,reorder,10000,0.002,949,47171
encode,skip,reorder,10000,0.002,950,13801
millermult,skip,normal,2000,0.002,901,352810
millermult,skip,normal,2000,0.002,902,419039
millermult,skip,normal,2000,0.002,903,389630
millermult,skip,normal,2000,0.002,904,787384
millermult,skip,normal,2000,0.002,905,455168
millermult,skip,normal,2000,0.002,906,124281
millermult,skip,normal,2000,0.002,907,2618602
millermult,skip,normal,2000,0.002,908,441915
millermult,skip,normal,2000,0.002,909,452553
millermult,skip,normal,2000,0.002,910,600220
millermult,skip,normal,2000,0.002,911,363428
millermult,skip,normal,2000,0.002,912,811001
millermult,skip,normal,2000,0.002,913,75269
millermult,skip,normal,2000,0.002,914,818609
millermult,skip,normal,2000,0.002,915,1052314
millermult,skip,normal,2000,0.002,916,258642
millermult,skip,normal,2000,0.002,917,353188
millermult,skip,normal,2000,0.002,918,374080
millermult,skip,normal,2000,0.002,919,123860
millermult,skip,normal,2000,0.002,920,83671
millermult,skip,normal,2000,0.002,921,264437
millermult,skip,normal,2000,0.002,922,440314
millermult,skip,normal,2000,0.002,923,810848
millermult,skip,normal,2000,0.002,924,587519
millermult,skip,normal,2000,0.002,925,1568526
millermult,skip,normal,2000,0.002,926,350869
millermult,skip,normal,2000,0.002,927,308190
millermult,skip,normal,2000,0.002,928,1356756
millermult,skip,normal,2000,0.002,929,454815
millermult,skip,normal,2000,0.002,930,422957
millermult,skip,normal,2000,0.002,931,386396
millermult,skip,normal,2000,0.002,932,747965
millermult,skip,normal,2000,0.002,933,1198216
millermult,skip,normal,2000,0.002,934,621875
millermult,skip,normal,2000,0.002,935,548231
millermult,skip,normal,2000,0.002,936,434729
millermult,skip,normal,2000,0.002,937,1039207
millermult,skip,normal,2000,0.002,938,198722
millermult,skip,normal,2000,0.002,939,400065
millermult,skip,normal,2000,0.002,940,950958
millermult,skip,normal,2000,0.002,941,621921
millermult,skip,normal,2000,0.002,942,1327333
millermult,skip,normal,2000,0.002,943,469997
millermult,skip,normal,2000,0.002,944,1366093
millermult,skip,normal,2000,0.002,945,115213
millermult,skip,normal,2000,0.002,946,1234595
millermult,skip,normal,2000,0.002,947,236052
millermult,skip,normal,2000,0.002,948,862103
millermult,skip,normal,2000,0.002,949,553978
millermult,skip,normal,2000,0.002,950,309709
millermult,skip,reorder,10000,0.0005,901,659854
millermult,skip,reorder,10000,0.0005,902,423729
millermult,skip,reorder,10000,0.0005,903,292886
millermult,skip,reorder,10000,0.0005,904,344938
millermult,skip,reorder,10000,0.0005,905,350774
millermult,skip,reorder,10000,0.0005,906,291082
millermult,skip,reorder,10000,0.0005,907,331957
millermult,skip,reorder,10000,0.0005,908,124200
millermult,skip,reorder,10000,0.0005,909,727160
millermult,skip,reorder,10000,0.0005,910,905704
millermult,skip,reorder,10000,0.0005,911,140579
millermult,skip,reorder,10000,0.0005,912,386772
millermult,skip,reorder,10000,0.0005,913,144004
millermult,skip,reorder,10000,0.0005,914,298246
millermult,skip,reorder,10000,0.0005,915,339704
millermult,skip,reorder,10000,0.0005,916,148234
millermult,skip,reorder,10000,0.0005,917,244509
millermult,skip,reorder,10000,0.0005,918,387127
millermult,skip,reorder,10000,0.0005,919,93954
millermult,skip,reorder,10000,0.0005,920,155291
millermult,skip,reorder,10000,0.0005,921,984846
millermult,skip,reorder,10000,0.0005,922,113896
millermult,skip,reorder,10000,0.0005,923,127686
millermult,skip,reorder,10000,0.0005,924,907325
millermult,skip,reorder,10000,0.0005,925,550836
millermult,skip,reorder,10000,0.0005,926,234617
millermult,skip,reorder,10000,0.0005,927,766595
millermult,skip,reorder,10000,0.0005,928,284875
millermult,skip,reorder,10000,0.0005,929,316075
millermult,skip,reorder,10000,0.0005,930,81993
millermult,skip,reorder,10000,0.0005,931,359965
millermult,skip,reorder,10000,0.0005,932,396274
millermult,skip,reorder,10000,0.0005,933,232231
millermult,skip,reorder,10000,0.0005,934,309068
millermult,skip,reorder,10000,0.0005,935,245049
millermult,skip,reorder,10000,0.0005,936,176127
millermult,skip,reorder,10000,0.0005,937,278789
millermult,skip,reorder,10000,0.0005,938,124005
millermult,skip,reorder,10000,0.0005,939,435646
millermult,skip,reorder,10000,0.0005,941,487796
millermult,skip,reorder,10000,0.0005,942,286900
millermult,skip,reorder,10000,0.0005,943,120944
millermult,skip,reorder,10000,0.0005,945,373308
millermult,skip,reorder,10000,0.0005,946,352977
millermult,skip,reorder,10000,0.0005,947,1370195
millermult,skip,reorder,10000,0.0005,948,345278
millermult,skip,reorder,10000,0.0005,949,115465
millermult,skip,reorder,10000,0.0005,950,63530
multiply,accumulate,dag,2000,0.002,901,860924
multiply,accumulate,dag,2000,0.002,902,767489
multiply,accumulate,dag,2000,0.002,903,679278
multiply,accumulate,dag,2000,0.002,904,1053669
multiply,accumulate,dag,2000,0.002,905,376372
multiply,accumulate,dag,2000,0.002,906,244559
multiply,accumulate,dag,2000,0.002,907,382033
multiply,accumulate,dag,2000,0.002,908,255460
multiply,accumulate,dag,2000,0.002,909,891051
multiply,accumulate,dag,2000,0.002,910,189774
multiply,accumulate,dag,2000,0.002,911,254364
multiply,accumulate,dag,2000,0.002,912,331693
multiply,accumulate,dag,2000,0.002,913,215779
multiply,accumulate,dag,2000,0.002,914,1081065
multiply,accumulate,dag,2000,0.002,915,361789
multiply,accumulate,dag,2000,0.002,916,302338
multiply,accumulate,dag,2000,0.002,917,659821
multiply,accumulate,dag,2000,0.002,918,761889
multiply,accumulate,dag,2000,0.002,919,174944
multiply,accumulate,dag,2000,0.002,920,194481
multiply,accumulate,dag,2000,0.002,921,457732
multiply,accumulate,dag,2000,0.002,922,719761
multiply,accumulate,dag,2000,0.002,923,524347
multiply,accumulate,dag,2000,0.002,924,526081
multiply,accumulate,dag,2000,0.002,925,262800
multiply,accumulate,dag,2000,0.002,926,563696
multiply,accumulate,dag,2000,0.002,927,1156108
multiply,accumulate,dag,2000,0.002,928,683970
multiply,accumulate,dag,2000,0.002,929,481534
multiply,accumulate,dag,2000,0.002,930,151260
multiply,accumulate,dag,2000,0.002,931,255522
multiply,accumulate,dag,2000,0.002,932,650514
multiply,accumulate,dag,2000,0.002,933,331598
multiply,accumulate,dag,2000,0.002,934,316245
multiply,accumulate,dag,2000,0.002,935,537393
multiply,accumulate,dag,2000,0.002,936,419319
multiply,accumulate,dag,2000,0.002,937,320420
multiply,accumulate,dag,2000,0.002,938,217402
multiply,accumulate,dag,2000,0.002,939,298680
multiply,accumulate,dag,2000,0.002,940,668319
multiply,accumulate,dag,2000,0.002,941,205531
multiply,accumulate,dag,2000,0.002,942,212796
multiply,accumulate,dag,2000,0.002,943,256913
multiply,accumulate,dag,2000,0.002,944,514637
multiply,accumulate,dag,2000,0.002,945,447671
multiply,accumulate,dag,2000,0.002,946,611804
multiply,accumulate,dag,2000,0.002,947,231503
multiply,accumulate,dag,2000,0.002,948,370916
multiply,accumulate,dag,2000,0.002,949,488437
multiply,accumulate,dag,2000,0.002,950,257437
multiply,accumulate,normal,2000,0.002,901,706362
multiply,accumulate,normal,2000,0.002,902,737620
multiply,accumulate,normal,2000,0.002,903,697803
multiply,accumulate,normal,2000,0.002,904,149496
multiply,accumulate,normal,2000,0.002,905,148220
multiply,accumulate,normal,2000,0.002,906,885992
multiply,accumulate,normal,2000,0.002,907,482029
multiply,accumulate,normal,2000,0.002,908,431083
multiply,accumulate,normal,2000,0.002,909,612374
multiply,accumulate,normal,2000,0.002,910,279024
multiply,accumulate,normal,2000,0.002,911,874323
multiply,accumulate,normal,2000,0.002,912,460271
multiply,accumulate,normal,2000,0.002,913,908556
multiply,accumulate,normal,2000,0.002,914,364176
multiply,accumulate,normal,2000,0.002,915,308419
multiply,accumulate,normal,2000,0.002,916,676229
multiply,accumulate,normal,2000,0.002,917,366351
multiply,accumulate,normal,2000,0.002,918,2271211
multiply,accumulate,normal,2000,0.002,919,318674
multiply,accumulate,normal,2000,0.002,920,301701
multiply,accumulate,normal,2000,0.002,921,485848
multiply,accumulate,normal,2000,0.002,922,1682051
multiply,accumulate,normal,2000,0.002,923,152344
multiply,accumulate,normal,2000,0.002,924,551320
multiply,accumulate,normal,2000,0.002,925,1036893
multiply,accumulate,normal,2000,0.002,926,7363990
multiply,accumulate,normal,2000,0.002,927,421012
multiply,accumulate,normal,2000,0.002,928,1017199
multiply,accumulate,normal,2000,0.002,929,1226135
multiply,accumulate,normal,2000,0.002,930,464512
multiply,accumulate,normal,2000,0.002,931,297639
multiply,accumulate,normal,2000,0.002,932,831421
multiply,accumulate,normal,2000,0.002,933,375409
multiply,accumulate,normal,2000,0.002,934,518270
multiply,accumulate,normal,2000,0.002,935,233903
multiply,accumulate,normal,2000,0.002,936,75673
multiply,accumulate,normal,2000,0.002,937,745347
multiply,accumulate,normal,2000,0.002,938,993023
multiply,accumulate,normal,2000,0.002,939,2489677
multiply,accumulate,normal,2000,0.002,940,820498
multiply,accumulate,normal,2000,0.002,941,424251
multiply,accumulate,normal,2000,0.002,942,1501582
multiply,accumulate,normal,2000,0.002,943,1045786
multiply,accumulate,normal,2000,0.002,944,436551
multiply,accumulate,normal,2000,0.002,945,250626
multiply,accumulate,normal,2000,0.002,946,942480
multiply,accumulate,normal,2000,0.002,947,381254
multiply,accumulate,normal,2000,0.002,948,222106
multiply,accumulate,normal,2000,0.002,949,457342
multiply,accumulate,normal,2000,0.002,950,347083
multiply,accumulate,reorder,10000,0.001,901,310729
multiply,accumulate,reorder,10000,0.001,902,324558
multiply,accumulate,reorder,10000,0.001,903,283876
multiply,accumulate,reorder,10000,0.001,904,86313
multiply,accumulate,reorder,10000,0.001,905,787913
multiply,accumulate,reorder,10000,0.001,906,174715
multiply,accumulate,reorder,10000,0.001,907,101020
multiply,accumulate,reorder,10000,0.001,908,231058
multiply,accumulate,reorder,10000,0.001,909,136597
multiply,accumulate,reorder,10000,0.001,910,303345
multiply,accumulate,reorder,10000,0.001,911,124223
multiply,accumulate,reorder,10000,0.001,912,104115
multiply,accumulate,reorder,10000,0.001,913,143704
multiply,accumulate,reorder,10000,0.001,914,100836
multiply,accumulate,reorder,10000,0.001,915,469632
multiply,accumulate,reorder,10000,0.001,916,576393
multiply,accumulate,reorder,10000,0.001,917,225309
multiply,accumulate,reorder,10000,0.001,918,108853
multiply,accumulate,reorder,10000,0.001,919,522369
multiply,accumulate,reorder,10000,0.001,920,146454
multiply,accumulate,reorder,10000,0.001,921,111019
multiply,accumulate,reorder,10000,0.001,922,46379
multiply,accumulate,reorder,10000,0.001,923,273133
multiply,accumulate,reorder,10000,0.001,924,222684
multiply,accumulate,reorder,10000,0.001,925,954420
multiply,accumulate,reorder,10000,0.001,926,103279
multiply,accumulate,reorder,10000,0.001,927,343440
multiply,accumulate,reorder,10000,0.001,928,218103
multiply,accumulate,reorder,10000,0.001,929,147904
multiply,accumulate,reorder,10000,0.001,930,110661
multiply,accumulate,reorder,10000,0.001,931,110902
multiply,accumulate,reorder,10000,0.001,932,151039
multiply,accumulate,reorder,10000,0.001,933,199193
multiply,accumulate,reorder,10000,0.001,934,148568
multiply,accumulate,reorder,10000,0.001,935,575875
multiply,accumulate,reorder,10000,0.001,936,141487
multiply,accumulate,reorder,10000,0.001,937,264714
multiply,accumulate,reorder,10000,0.001,938,1140864
multiply,accumulate,reorder,10000,0.001,939,413720
multiply,accumulate,reorder,10000,0.001,940,381186
multiply,accumulate,reorder,10000,0.001,942,148237
multiply,accumulate,reorder,10000,0.001,943,258202
multiply,accumulate,reorder,10000,0.001,944,178459
multiply,accumulate,reorder,10000,0.001,945,277057
multiply,accumulate,reorder,10000,0.001,946,329851
multiply,accumulate,reorder,10000,0.001,947,131370
multiply,accumulate,reorder,10000,0.001,948,285163
multiply,accumulate,reorder,10000,0.001,949,184655
multiply,accumulate,reorder,10000,0.001,950,130165
multiply,single,dag,200,1,901,373325
multiply,single,dag,200,1,902,243535
multiply,single,dag,200,1,903,247326
multiply,single,dag,200,1,904,359669
multiply,single,dag,200,1,905,167476
multiply,single,dag,200,1,906,430053
multiply,single,dag,200,1,907,211716
multiply,single,dag,200,1,908,671071
multiply,single,dag,200,1,909,367793
multiply,single,dag,200,1,910,158441
multiply,single,dag,200,1,911,254361
multiply,single,dag,200,1,912,215879
multiply,single,dag,200,1,913,179002
multiply,single,dag,200,1,914,165261
multiply,single,dag,200,1,915,140673
multiply,single,dag,200,1,916,121907
multiply,single,dag,200,1,917,95544
multiply,single,dag,200,1,918,159396
multiply,single,dag,200,1,919,155259
multiply,single,dag,200,1,920,812395
multiply,single,dag,200,1,921,138857
multiply,single,dag,200,1,922,251631
multiply,single,dag,200,1,923,449922
multiply,single,dag,200,1,924,100302
multiply,single,dag,200,1,925,290753
multiply,single,dag,200,1,926,224224
multiply,single,dag,200,1,927,191243
multiply,single,dag,200,1,928,229999
multiply,single,dag,200,1,929,182217
multiply,single,dag,200,1,930,107691
multiply,single,dag,200,1,931,460026
multiply,single,dag,200,1,932,336824
multiply,single,dag,200,1,933,287662
multiply,single,dag,200,1,934,148282
multiply,single,dag,200,1,935,191726
multiply,single,dag,200,1,936,190707
multiply,single,dag,200,1,937,749739
multiply,single,dag,200,1,938,437228
multiply,single,dag,200,1,939,257967
multiply,single,dag,200,1,940,236154
multiply,single,dag,200,1,941,328001
multiply,single,dag,200,1,942,200503
multiply,single,dag,200,1,943,506637
multiply,single,dag,200,1,944,246193
multiply,single,dag,200,1,945,382828
multiply,single,dag,200,1,946,493257
multiply,single,dag,200,1,947,170070
multiply,single,dag,200,1,948,314357
multiply,single,dag,200,1,949,267650
multiply,single,dag,200,1,950,162814
multiply,single,normal,5000,1,901,191888
multiply,single,normal,5000,1,902,393521
multiply,single,normal,5000,1,903,184268
multiply,single,normal,5000,1,904,604869
multiply,single,normal,5000,1,905,879907
multiply,single,normal,5000,1,906,437908
multiply,single,normal,5000,1,907,212957
multiply,single,normal,5000,1,908,797553
multiply,single,normal,5000,1,909,560376
multiply,single,normal,5000,1,910,506132
multiply,single,normal,5000,1,911,146725
multiply,single,normal,5000,1,912,214031
multiply,single,normal,5000,1,913,469287
multiply,single,normal,5000,1,914,560464
multiply,single,normal,5000,1,915,201778
multiply,single,normal,5000,1,916,232851
multiply,single,normal,5000,1,917,524735
multiply,single,normal,5000,1,918,2093734
multiply,single,normal,5000,1,919,110004
multiply,single,normal,5000,1,920,331044
multiply,single,normal,5000,1,921,5139381
multiply,single,normal,5000,1,922,100265
multiply,single,normal,5000,1,923,236892
multiply,single,normal,5000,1,924,601988
multiply,single,normal,5000,1,925,1353762
multiply,single,normal,5000,1,926,953307
multiply,single,normal,5000,1,927,142691
multiply,single,normal,5000,1,928,223546
multiply,single,normal,5000,1,929,124555
multiply,single,normal,5000,1,930,708268
multiply,single,normal,5000,1,931,261018
multiply,single,normal,5000,1,932,192150
multiply,single,normal,5000,1,933,418392
multiply,single,normal,5000,1,934,675244
multiply,single,normal,5000,1,935,2769140
multiply,single,normal,5000,1,936,129355
multiply,single,normal,5000,1,937,247278
multiply,single,normal,5000,1,938,209276
multiply,single,normal,5000,1,939,340288
multiply,single,normal,5000,1,940,1136141
multiply,single,normal,5000,1,941,83757
multiply,single,normal,5000,1,942,488026
multiply,single,normal,5000,1,943,531274
multiply,single,normal,5000,1,944,354725
multiply,single,normal,5000,1,945,406301
multiply,single,normal,5000,1,946,435317
multiply,single,normal,5000,1,947,1478692
multiply,single,normal,5000,1,948,191260
multiply,single,normal,5000,1,949,276272
multiply,single,normal,5000,1,950,545994
multiply,single,reorder,500,1,901,92043
multiply,single,reorder,500,1,902,475337
multiply,single,reorder,500,1,903,324491
multiply,single,reorder,500,1,904,222089
multiply,single,reorder,500,1,905,337931
multiply,single,reorder,500,1,906,246279
multiply,single,reorder,500,1,907,206330
multiply,single,reorder,500,1,908,125918
multiply,single,reorder,500,1,909,176590
multiply,single,reorder,500,1,910,204861
multiply,single,reorder,500,1,911,428908
multiply,single,reorder,500,1,912,230209
multiply,single,reorder,500,1,913,195079
multiply,single,reorder,500,1,914,420982
multiply,single,reorder,500,1,915,333267
multiply,single,reorder,500,1,916,432263
multiply,single,reorder,500,1,917,297241
multiply,single,reorder,500,1,918,173795
multiply,single,reorder,500,1,919,204750
multiply,single,reorder,500,1,920,369580
multiply,single,reorder,500,1,921,293679
multiply,single,reorder,500,1,922,125764
multiply,single,reorder,500,1,923,355124
multiply,single,reorder,500,1,924,258762
multiply,single,reorder,500,1,925,536407
multiply,single,reorder,500,1,926,203348
multiply,single,reorder,500,1,927,162276
multiply,single,reorder,500,1,928,163301
multiply,single,reorder,500,1,929,191586
multiply,single,reorder,500,1,930,597828
multiply,single,reorder,500,1,931,471852
multiply,single,reorder,500,1,932,100212
multiply,single,reorder,500,1,933,73922
multiply,single,reorder,500,1,934,250144
multiply,single,reorder,500,1,935,665906
multiply,single,reorder,500,1,936,124851
multiply,single,reorder,500,1,937,385532
multiply,single,reorder,500,1,938,198916
multiply,single,reorder,500,1,939,219701
multiply,single,reorder,500,1,940,241049
multiply,single,reorder,500,1,941,4128347
multiply,single,reorder,500,1,942,274848
multiply,single,reorder,500,1,943,460912
multiply,single,reorder,500,1,944,367845
multiply,single,reorder,500,1,945,159143
multiply,single,reorder,500,1,946,1004329
multiply,single,reorder,500,1,947,122233
multiply,single,reorder,500,1,948,561093
multiply,single,reorder,500,1,949,181944
multiply,single,reorder,500,1,950,117806
multiply,skip,dag,2000,0.002,901,168472
multiply,skip,dag,2000,0.002,902,247927
multiply,skip,dag,2000,0.002,903,329303
multiply,skip,dag,2000,0.002,904,285749
multiply,skip,dag,2000,0.002,905,229247
multiply,skip,dag,2000,0.002,906,402620
multiply,skip,dag,2000,0.002,907,170098
multiply,skip,dag,2000,0.002,908,790033
multiply,skip,dag,2000,0.002,909,1696302
multiply,skip,dag,2000,0.002,910,793269
multiply,skip,dag,2000,0.002,911,397233
multiply,skip,dag,2000,0.002,912,588022
multiply,skip,dag,2000,0.002,913,264506
multiply,skip,dag,2000,0.002,914,318231
multiply,skip,dag,2000,0.002,915,253001
multiply,skip,dag,2000,0.002,916,435241
multiply,skip,dag,2000,0.002,917,445767
multiply,skip,dag,2000,0.002,918,1167118
multiply,skip,dag,2000,0.002,919,209689
multiply,skip,dag,2000,0.002,920,510736
multiply,skip,dag,2000,0.002,921,188149
multiply,skip,dag,2000,0.002,922,1542829
multiply,skip,dag,2000,0.002,923,560978
multiply,skip,dag,2000,0.002,924,342629
multiply,skip,dag,2000,0.002,925,182041
multiply,skip,dag,2000,0.002,926,426026
multiply,skip,dag,2000,0.002,927,176689
multiply,skip,dag,2000,0.002,928,1439238
multiply,skip,dag,2000,0.002,929,218262
multiply,skip,dag,2000,0.002,930,163745
multiply,skip,dag,2000,0.002,931,260632
multiply,skip,dag,2000,0.002,932,1928676
multiply,skip,dag,2000,0.002,933,160066
multiply,skip,dag,2000,0.002,934,321360
multiply,skip,dag,2000,0.002,935,291823
multiply,skip,dag,2000,0.002,936,489753
multiply,skip,dag,2000,0.002,937,559388
multiply,skip,dag,2000,0.002,938,200352
multiply,skip,dag,2000,0.002,939,190693
multiply,skip,dag,2000,0.002,940,254266
multiply,skip,dag,2000,0.002,941,577858
multiply,skip,dag,2000,0.002,942,769642
multiply,skip,dag,2000,0.002,943,685120
multiply,skip,dag,2000,0.002,944,1653396
multiply,skip,dag,2000,0.002,945,603664
multiply,skip,dag,2000,0.002,946,244419
multiply,skip,dag,2000,0.002,947,822206
multiply,skip,dag,2000,0.002,948,1999048
multiply,skip,dag,2000,0.002,949,531285
multiply,skip,dag,2000,0.002,950,218576
multiply,skip,normal,2000,0.002,901,1964567
multiply,skip,normal,2000,0.002,902,992032
multiply,skip,normal,2000,0.002,903,833050
multiply,skip,normal,2000,0.002,904,529500
multiply,skip,normal,2000,0.002,905,281831
multiply,skip,normal,2000,0.002,906,2486614
multiply,skip,normal,2000,0.002,907,201509
multiply,skip,normal,2000,0.002,908,783125
multiply,skip,normal,2000,0.002,909,677702
multiply,skip,normal,2000,0.002,910,738177
multiply,skip,normal,2000,0.002,911,1305737
multiply,skip,normal,2000,0.002,912,466285
multiply,skip,normal,2000,0.002,913,613310
multiply,skip,normal,2000,0.002,914,1524344
multiply,skip,normal,2000,0.002,915,1008569
multiply,skip,normal,2000,0.002,916,202315
multiply,skip,normal,2000,0.002,917,417721
multiply,skip,normal,2000,0.002,918,835272
multiply,skip,normal,2000,0.002,919,153566
multiply,skip,normal,2000,0.002,920,775903
multiply,skip,normal,2000,0.002,921,188025
multiply,skip,normal,2000,0.002,922,291455
multiply,skip,normal,2000,0.002,923,420813
multiply,skip,normal,2000,0.002,924,360960
multiply,skip,normal,2000,0.002,925,515026
multiply,skip,normal,2000,0.002,926,785049
multiply,skip,normal,2000,0.002,927,636541
multiply,skip,normal,2000,0.002,928,364463
multiply,skip,normal,2000,0.002,929,4240896
multiply,skip,normal,2000,0.002,930,5722826
multiply,skip,normal,2000,0.002,931,221837
multiply,skip,normal,2000,0.002,932,356515
multiply,skip,normal,2000,0.002,933,973378
multiply,skip,normal,2000,0.002,934,3514607
multiply,skip,normal,2000,0.002,935,777741
multiply,skip,normal,2000,0.002,936,148549
multiply,skip,normal,2000,0.002,937,771192
multiply,skip,normal,2000,0.002,938,350626
multiply,skip,normal,2000,0.002,939,1984499
multiply,skip,normal,2000,0.002,940,3457003
multiply,skip,normal,2000,0.002,941,384311
multiply,skip,normal,2000,0.002,942,530352
multiply,skip,normal,2000,0.002,943,1600730
multiply,skip,normal,2000,0.002,944,317562
multiply,skip,normal,2000,0.002,945,1145787
multiply,skip,normal,2000,0.002,946,683910
multiply,skip,normal,2000,0.002,947,212851
multiply,skip,normal,2000,0.002,948,197887
multiply,skip,normal,2000,0.002,949,478032
multiply,skip,normal,2000,0.002,950,867787
multiply,skip,reorder,10000,0.0005,901,150326
multiply,skip,reorder,10000,0.0005,902,107089
multiply,skip,reorder,10000,0.0005,903,162174
multiply,skip,reorder,10000,0.0005,904,181402
multiply,skip,reorder,10000,0.0005,905,131996
multiply,skip,reorder,10000,0.0005,906,81352
multiply,skip,reorder,10000,0.0005,907,82185
multiply,skip,reorder,10000,0.0005,908,470931
multiply,skip,reorder,10000,0.0005,909,142177
multiply,skip,reorder,10000,0.0005,910,97703
multiply,skip,reorder,10000,0.0005,911,212407
multiply,skip,reorder,10000,0.0005,912,245498
multiply,skip,reorder,10000,0.0005,913,173143
multiply,skip,reorder,10000,0.0005,915,449333
multiply,skip,reorder,10000,0.0005,916,1044040
multiply,skip,reorder,10000,0.0005,917,250625
multiply,skip,reorder,10000,0.0005,918,208059
multiply,skip,reorder,10000,0.0005,919,217981
multiply,skip,reorder,10000,0.0005,920,199046
multiply,skip,reorder,10000,0.0005,921,329117
multiply,skip,reorder,10000,0.0005,922,149649
multiply,skip,reorder,10000,0.0005,923,81524
multiply,skip,reorder,10000,0.0005,924,389455
multiply,skip,reorder,10000,0.0005,925,174916
multiply,skip,reorder,10000,0.0005,926,114032
multiply,skip,reorder,10000,0.0005,927,221287
multiply,skip,reorder,10000,0.0005,928,166145
multiply,skip,reorder,10000,0.0005,929,251646
multiply,skip,reorder,10000,0.0005,930,144915
multiply,skip,reorder,10000,0.0005,931,257079
multiply,skip,reorder,10000,0.0005,932,106883
multiply,skip,reorder,10000,0.0005,933,488104
multiply,skip,reorder,10000,0.0005,934,191859
multiply,skip,reorder,10000,0.0005,935,177575
multiply,skip,reorder,10000,0.0005,936,837081
multiply,skip,reorder,10000,0.0005,937,196116
multiply,skip,reorder,10000,0.0005,938,298601
multiply,skip,reorder,10000,0.0005,939,106113
multiply,skip,reorder,10000,0.0005,940,210213
multiply,skip,reorder,10000,0.0005,941,160096
multiply,skip,reorder,10000,0.0005,942,464634
multiply,skip,reorder,10000,0.0005,943,415906
multiply,skip,reorder,10000,0.0005,944,256442
multiply,skip,reorder,10000,0.0005,945,116645
multiply,skip,reorder,10000,0.0005,946,364874
multiply,skip,reorder,10000,0.0005,947,112749
multiply,skip,reorder,10000,0.0005,948,664723
multiply,skip,reorder,10000,0.0005,949,189549
multiply,skip,reorder,10000,0.0005,950,250660
parity,accumulate,dag,5000,0.01,901,2653
parity,accumulate,dag,5000,0.01,902,5404
parity,accumulate,dag,5000,0.01,903,941
parity,accumulate,dag,5000,0.01,904,977
parity,accumulate,dag,5000,0.01,905,865
parity,accumulate,dag,5000,0.01,906,395
parity,accumulate,dag,5000,0.01,907,109
parity,accumulate,dag,5000,0.01,908,648
parity,accumulate,dag,5000,0.01,909,307
parity,accumulate,dag,5000,0.01,910,322
parity,accumulate,dag,5000,0.01,911,1682
parity,accumulate,dag,5000,0.01,912,2087
parity,accumulate,dag,5000,0.01,913,1302
parity,accumulate,dag,5000,0.01,914,1874
parity,accumulate,dag,5000,0.01,915,1885
parity,accumulate,dag,5000,0.01,916,1813
parity,accumulate,dag,5000,0.01,917,289
parity,accumulate,dag,5000,0.01,918,599
parity,accumulate,dag,5000,0.01,919,486
parity,accumulate,dag,5000,0.01,920,2010
parity,accumulate,dag,5000,0.01,921,675
parity,accumulate,dag,5000,0.01,922,976
parity,accumulate,dag,5000,0.01,923,406
parity,accumulate,dag,5000,0.01,924,664
parity,accumulate,dag,5000,0.01,925,1485
parity,accumulate,dag,5000,0.01,926,2730
parity,accumulate,dag,5000,0.01,927,5698
parity,accumulate,dag,5000,0.01,928,1231
parity,accumulate,dag,5000,0.01,929,271
parity,accumulate,dag,5000,0.01,930,3183
parity,accumulate,dag,5000,0.01,931,605
parity,accumulate,dag,5000,0.01,932,1269
parity,accumulate,dag,5000,0.01,933,1069
parity,accumulate,dag,5000,0.01,934,2437
parity,accumulate,dag,5000,0.01,935,96
parity,accumulate,dag,5000,0.01,936,622
parity,accumulate,dag,5000,0.01,937,1014
parity,accumulate,dag,5000,0.01,938,200
parity,accumulate,dag,5000,0.01,939,567
parity,accumulate,dag,5000,0.01,940,2544
parity,accumulate,dag,5000,0.01,941,517
parity,accumulate,dag,5000,0.01,942,970
parity,accumulate,dag,5000,0.01,943,1113
parity,accumulate,dag,5000,0.01,944,1555
parity,accumulate,dag,5000,0.01,945,510
parity,accumulate,dag,5000,0.01,946,1042
parity,accumulate,dag,5000,0.01,947,260
parity,accumulate,dag,5000,0.01,948,691
parity,accumulate,dag,5000,0.01,949,774
parity,accumulate,dag,5000,0.01,950,959
parity,accumulate,normal,10000,0.02,901,1537
parity,accumulate,normal,10000,0.02,902,435
parity,accumulate,normal,10000,0.02,903,2928
parity,accumulate,normal,10000,0.02,904,503
parity,accumulate,normal,10000,0.02,905,685
parity,accumulate,normal,10000,0.02,906,1714
parity,accumulate,normal,10000,0.02,907,300
parity,accumulate,normal,10000,0.02,908,2411
parity,accumulate,normal,10000,0.02,909,268
parity,accumulate,normal,10000,0.02,910,327
parity,accumulate,normal,10000,0.02,911,324
parity,accumulate,normal,10000,0.02,912,392
parity,accumulate,normal,10000,0.02,913,278
parity,accumulate,normal,10000,0.02,914,268
parity,accumulate,normal,10000,0.02,915,595
parity,accumulate,normal,10000,0.02,916,1849
parity,accumulate,normal,10000,0.02,917,544
parity,accumulate,normal,10000,0.02,918,140
parity,accumulate,normal,10000,0.02,919,1009
parity,accumulate,normal,10000,0.02,920,1243
parity,accumulate,normal,10000,0.02,921,1364
parity,accumulate,normal,10000,0.02,922,835
parity,accumulate,normal,10000,0.02,923,439
parity,accumulate,normal,10000,0.02,924,365
parity,accumulate,normal,10000,0.02,925,305
parity,accumulate,normal,10000,0.02,926,159
parity,accumulate,normal,10000,0.02,927,2226
parity,accumulate,normal,10000,0.02,928,2324
parity,accumulate,normal,10000,0.02,929,836
parity,accumulate,normal,10000,0.02,930,571
parity,accumulate,normal,10000,0.02,931,1564
parity,accumulate,normal,10000,0.02,932,1053
parity,accumulate,normal,10000,0.02,933,2772
parity,accumulate,normal,10000,0.02,934,388
parity,accumulate,normal,10000,0.02,935,812
parity,accumulate,normal,10000,0.02,936,894
parity,accumulate,normal,10000,0.02,937,654
parity,accumulate,normal,10000,0.02,938,1201
parity,accumulate,normal,10000,0.02,939,664
parity,accumulate,normal,10000,0.02,940,697
parity,accumulate,normal,10000,0.02,941,900
parity,accumulate,normal,10000,0.02,942,314
parity,accumulate,normal,10000,0.02,943,341
parity,accumulate,normal,10000,0.02,944,1226
parity,accumulate,normal,10000,0.02,945,679
parity,accumulate,normal,10000,0.02,946,435
parity,accumulate,normal,10000,0.02,947,1021
parity,accumulate,normal,10000,0.02,948,865
parity,accumulate,normal,10000,0.02,949,390
parity,accumulate,normal,10000,0.02,950,4110
parity,accumulate,reorder,5000,0.01,901,189
parity,accumulate,reorder,5000,0.01,902,2249
parity,accumulate,reorder,5000,0.01,903,716
parity,accumulate,reorder,5000,0.01,904,1010
parity,accumulate,reorder,5000,0.01,905,1639
parity,accumulate,reorder,5000,0.01,906,355
parity,accumulate,reorder,5000,0.01,907,499
parity,accumulate,reorder,5000,0.01,908,319
parity,accumulate,reorder,5000,0.01,909,233
parity,accumulate,reorder,5000,0.01,910,485
parity,accumulate,reorder,5000,0.01,911,739
parity,accumulate,reorder,5000,0.01,912,261
parity,accumulate,reorder,5000,0.01,913,384
parity,accumulate,reorder,5000,0.01,914,1841
parity,accumulate,reorder,5000,0.01,915,620
parity,accumulate,reorder,5000,0.01,916,862
parity,accumulate,reorder,5000,0.01,917,2142
parity,accumulate,reorder,5000,0.01,918,1634
parity,accumulate,reorder,5000,0.01,919,150
parity,accumulate,reorder,5000,0.01,920,1264
parity,accumulate,reorder,5000,0.01,921,899
parity,accumulate,reorder,5000,0.01,922,245
parity,accumulate,reorder,5000,0.01,923,420
parity,accumulate,reorder,5000,0.01,924,1055
parity,accumulate,reorder,5000,0.01,925,1239
parity,accumulate,reorder,5000,0.01,926,1738
parity,accumulate,reorder,5000,0.01,927,1716
parity,accumulate,reorder,5000,0.01,928,968
parity,accumulate,reorder,5000,0.01,929,194
parity,accumulate,reorder,5000,0.01,930,542
parity,accumulate,reorder,5000,0.01,931,368
parity,accumulate,reorder,5000,0.01,932,1022
parity,accumulate,reorder,5000,0.01,933,1449
parity,accumulate,reorder,5000,0.01,934,669
parity,accumulate,reorder,5000,0.01,935,76
parity,accumulate,reorder,5000,0.01,936,1898
parity,accumulate,reorder,5000,0.01,937,399
parity,accumulate,reorder,5000,0.01,938,334
parity,accumulate,reorder,5000,0.01,939,853
parity,accumulate,reorder,5000,0.01,940,1427
parity,accumulate,reorder,5000,0.01,941,694
parity,accumulate,reorder,5000,0.01,942,1124
parity,accumulate,reorder,5000,0.01,943,868
parity,accumulate,reorder,5000,0.01,944,1255
parity,accumulate,reorder,5000,0.01,945,610
parity,accumulate,reorder,5000,0.01,946,1072
parity,accumulate,reorder,5000,0.01,947,677
parity,accumulate,reorder,5000,0.01,948,1360
parity,accumulate,reorder,5000,0.01,949,264
parity,accumulate,reorder,5000,0.01,950,875
parity,single,dag,100,1,901,1228
parity,single,dag,100,1,902,2766
parity,single,dag,100,1,903,3227
parity,single,dag,100,1,904,1306
parity,single,dag,100,1,905,4990
parity,single,dag,100,1,906,3204
parity,single,dag,100,1,907,4553
parity,single,dag,100,1,908,1611
parity,single,dag,100,1,909,366
parity,single,dag,100,1,910,1583
parity,single,dag,100,1,911,1248
parity,single,dag,100,1,912,5522
parity,single,dag,100,1,913,3371
parity,single,dag,100,1,914,1804
parity,single,dag,100,1,915,5091
parity,single,dag,100,1,916,5296
parity,single,dag,100,1,917,3164
parity,single,dag,100,1,918,1096
parity,single,dag,100,1,919,1072
parity,single,dag,100,1,920,9400
parity,single,dag,100,1,921,2143
parity,single,dag,100,1,922,2737
parity,single,dag,100,1,923,2246
parity,single,dag,100,1,924,829
parity,single,dag,100,1,925,2772
parity,single,dag,100,1,926,1398
parity,single,dag,100,1,927,929
parity,single,dag,100,1,928,874
parity,single,dag,100,1,929,2573
parity,single,dag,100,1,930,1276
parity,single,dag,100,1,931,7036
parity,single,dag,100,1,932,551
parity,single,dag,100,1,933,3482
parity,single,dag,100,1,934,5996
parity,single,dag,100,1,935,4088
parity,single,dag,100,1,936,2566
parity,single,dag,100,1,937,5043
parity,single,dag,100,1,938,899
parity,single,dag,100,1,939,9175
parity,single,dag,100,1,940,1143
parity,single,dag,100,1,941,2869
parity,single,dag,100,1,942,5760
parity,single,dag,100,1,943,2682
parity,single,dag,100,1,944,463
parity,single,dag,100,1,945,2161
parity,single,dag,100,1,946,1749
parity,single,dag,100,1,947,371
parity,single,dag,100,1,948,3875
parity,single,dag,100,1,949,2067
parity,single,dag,100,1,950,3586
parity,single,normal,500,1,901,2119
parity,single,normal,500,1,902,757
parity,single,normal,500,1,903,2048
parity,single,normal,500,1,904,2218
parity,single,normal,500,1,905,2014
parity,single,normal,500,1,906,1547
parity,single,normal,500,1,907,2599
parity,single,normal,500,1,908,1991
parity,single,normal,500,1,909,816
parity,single,normal,500,1,910,601
parity,single,normal,500,1,911,1192
parity,single,normal,500,1,912,1850
parity,single,normal,500,1,913,519
parity,single,normal,500,1,914,591
parity,single,normal,500,1,915,995
parity,single,normal,500,1,916,843
parity,single,normal,500,1,917,1236
parity,single,normal,500,1,918,891
parity,single,normal,500,1,919,794
parity,single,normal,500,1,920,3871
parity,single,normal,500,1,921,1560
parity,single,normal,500,1,922,1554
parity,single,normal,500,1,923,1112
parity,single,normal,500,1,924,1718
parity,single,normal,500,1,925,1271
parity,single,normal,500,1,926,457
parity,single,normal,500,1,927,622
parity,single,normal,500,1,928,1830
parity,single,normal,500,1,929,2529
parity,single,normal,500,1,930,1528
parity,single,normal,500,1,931,723
parity,single,normal,500,1,932,763
parity,single,normal,500,1,933,2538
parity,single,normal,500,1,934,2228
parity,single,normal,500,1,935,249
parity,single,normal,500,1,936,219
parity,single,normal,500,1,937,1666
parity,single,normal,500,1,938,1427
parity,single,normal,500,1,939,3921
parity,single,normal,500,1,940,799
parity,single,normal,500,1,941,214
parity,single,normal,500,1,942,1388
parity,single,normal,500,1,943,1440
parity,single,normal,500,1,944,1087
parity,single,normal,500,1,945,959
parity,single,normal,500,1,946,1084
parity,single,normal,500,1,947,487
parity,single,normal,500,1,948,1122
parity,single,normal,500,1,949,711
parity,single,normal,500,1,950,2685
parity,single,reorder,200,1,901,2055
parity,single,reorder,200,1,902,2327
parity,single,reorder,200,1,903,1407
parity,single,reorder,200,1,904,11777
parity,single,reorder,200,1,905,9697
parity,single,reorder,200,1,906,1854
parity,single,reorder,200,1,907,862
parity,single,reorder,200,1,908,892
parity,single,reorder,200,1,909,1184
parity,single,reorder,200,1,910,92
parity,single,reorder,200,1,911,3069
parity,single,reorder,200,1,912,230
parity,single,reorder,200,1,913,2633
parity,single,reorder,200,1,914,1260
parity,single,reorder,200,1,915,3655
parity,single,reorder,200,1,916,4458
parity,single,reorder,200,1,917,6036
parity,single,reorder,200,1,918,4599
parity,single,reorder,200,1,919,5577
parity,single,reorder,200,1,920,4294
parity,single,reorder,200,1,921,528
parity,single,reorder,200,1,922,896
parity,single,reorder,200,1,923,2483
parity,single,reorder,200,1,924,754
parity,single,reorder,200,1,925,819
parity,single,reorder,200,1,926,2550
parity,single,reorder,200,1,927,2272
parity,single,reorder,200,1,928,765
parity,single,reorder,200,1,929,742
parity,single,reorder,200,1,930,6106
parity,single,reorder,200,1,931,964
parity,single,reorder,200,1,932,2795
parity,single,reorder,200,1,933,3993
parity,single,reorder,200,1,934,3517
parity,single,reorder,200,1,935,734
parity,single,reorder,200,1,936,2728
parity,single,reorder,200,1,937,979
parity,single,reorder,200,1,938,8546
parity,single,reorder,200,1,939,908
parity,single,reorder,200,1,940,1375
parity,single,reorder,200,1,941,217
parity,single,reorder,200,1,942,488
parity,single,reorder,200,1,943,2333
parity,single,reorder,200,1,944,890
parity,single,reorder,200,1,945,1416
parity,single,reorder,200,1,946,1353
parity,single,reorder,200,1,947,1597
parity,single,reorder,200,1,948,4231
parity,single,reorder,200,1,949,1237
parity,single,reorder,200,1,950,1409
parity,skip,dag,10000,0.02,901,2906
parity,skip,dag,10000,0.02,902,370
parity,skip,dag,10000,0.02,903,195
parity,skip,dag,10000,0.02,904,626
parity,skip,dag,10000,0.02,905,457
parity,skip,dag,10000,0.02,906,166
parity,skip,dag,10000,0.02,907,2082
parity,skip,dag,10000,0.02,908,2069
parity,skip,dag,10000,0.02,909,440
parity,skip,dag,10000,0.02,910,973
parity,skip,dag,10000,0.02,911,2493
parity,skip,dag,10000,0.02,912,2011
parity,skip,dag,10000,0.02,913,872
parity,skip,dag,10000,0.02,914,470
parity,skip,dag,10000,0.02,915,748
parity,skip,dag,10000,0.02,916,1713
parity,skip,dag,10000,0.02,917,990
parity,skip,dag,10000,0.02,918,693
parity,skip,dag,10000,0.02,919,2143
parity,skip,dag,10000,0.02,920,404
parity,skip,dag,10000,0.02,921,2179
parity,skip,dag,10000,0.02,922,609
parity,skip,dag,10000,0.02,923,1115
parity,skip,dag,10000,0.02,924,373
parity,skip,dag,10000,0.02,925,2697
parity,skip,dag,10000,0.02,926,3542
parity,skip,dag,10000,0.02,927,919
parity,skip,dag,10000,0.02,928,940
parity,skip,dag,10000,0.02,929,1064
parity,skip,dag,10000,0.02,930,1239
parity,skip,dag,10000,0.02,931,912
parity,skip,dag,10000,0.02,932,1302
parity,skip,dag,10000,0.02,933,1604
parity,skip,dag,10000,0.02,934,3611
parity,skip,dag,10000,0.02,935,547
parity,skip,dag,10000,0.02,936,1694
parity,skip,dag,10000,0.02,937,3187
parity,skip,dag,10000,0.02,938,4408
parity,skip,dag,10000,0.02,939,876
parity,skip,dag,10000,0.02,940,2846
parity,skip,dag,10000,0.02,941,1021
parity,skip,dag,10000,0.02,942,374
parity,skip,dag,10000,0.02,943,723
parity,skip,dag,10000,0.02,944,3997
parity,skip,dag,10000,0.02,945,623
parity,skip,dag,10000,0.02,946,2022
parity,skip,dag,10000,0.02,947,1097
parity,skip,dag,10000,0.02,948,384
parity,skip,dag,10000,0.02,949,1130
parity,skip,dag,10000,0.02,950,1801
parity,skip,normal,10000,0.02,901,941
parity,skip,normal,10000,0.02,902,435
parity,skip,normal,10000,0.02,903,2122
parity,skip,normal,10000,0.02,904,417
parity,skip,normal,10000,0.02,905,685
parity,skip,normal,10000,0.02,906,840
parity,skip,normal,10000,0.02,907,300
parity,skip,normal,10000,0.02,908,2411
parity,skip,normal,10000,0.02,909,1522
parity,skip,normal,10000,0.02,910,327
parity,skip,normal,10000,0.02,911,324
parity,skip,normal,10000,0.02,912,1114
parity,skip,normal,10000,0.02,913,278
parity,skip,normal,10000,0.02,914,268
parity,skip,normal,10000,0.02,915,2960
parity,skip,normal,10000,0.02,916,1355
parity,skip,normal,10000,0.02,917,1836
parity,skip,normal,10000,0.02,918,140
parity,skip,normal,10000,0.02,919,1020
parity,skip,normal,10000,0.02,920,1470
parity,skip,normal,10000,0.02,921,3279
parity,skip,normal,10000,0.02,922,835
parity,skip,normal,10000,0.02,923,439
parity,skip,normal,10000,0.02,924,764
parity,skip,normal,10000,0.02,925,305
parity,skip,normal,10000,0.02,926,159
parity,skip,normal,10000,0.02,927,546
parity,skip,normal,10000,0.02,928,609
parity,skip,normal,10000,0.02,929,505
parity,skip,normal,10000,0.02,930,571
parity,skip,normal,10000,0.02,931,1564
parity,skip,normal,10000,0.02,932,1053
parity,skip,normal,10000,0.02,933,1071
parity,skip,normal,10000,0.02,934,2083
parity,skip,normal,10000,0.02,935,812
parity,skip,normal,10000,0.02,936,894
parity,skip,normal,10000,0.02,937,1664
parity,skip,normal,10000,0.02,938,373
parity,skip,normal,10000,0.02,939,481
parity,skip,normal,10000,0.02,940,697
parity,skip,normal,10000,0.02,941,900
parity,skip,normal,10000,0.02,942,905
parity,skip,normal,10000,0.02,943,864
parity,skip,normal,10000,0.02,944,579
parity,skip,normal,10000,0.02,945,276
parity,skip,normal,10000,0.02,946,555
parity,skip,normal,10000,0.02,947,713
parity,skip,normal,10000,0.02,948,5214
parity,skip,normal,10000,0.02,949,1066
parity,skip,normal,10000,0.02,950,994
parity,skip,reorder,2000,0.01,901,535
parity,skip,reorder,2000,0.01,902,374
parity,skip,reorder,2000,0.01,903,670
parity,skip,reorder,2000,0.01,904,729
parity,skip,reorder,2000,0.01,905,2823
parity,skip,reorder,2000,0.01,906,679
parity,skip,reorder,2000,0.01,907,177
parity,skip,reorder,2000,0.01,908,749
parity,skip,reorder,2000,0.01,909,3800
parity,skip,reorder,2000,0.01,910,454
parity,skip,reorder,2000,0.01,911,438
parity,skip,reorder,2000,0.01,912,763
parity,skip,reorder,2000,0.01,913,747
parity,skip,reorder,2000,0.01,914,482
parity,skip,reorder,2000,0.01,915,871
parity,skip,reorder,2000,0.01,916,651
parity,skip,reorder,2000,0.01,917,2336
parity,skip,reorder,2000,0.01,918,719
parity,skip,reorder,2000,0.01,919,1350
parity,skip,reorder,2000,0.01,920,642
parity,skip,reorder,2000,0.01,921,1867
parity,skip,reorder,2000,0.01,922,686
parity,skip,reorder,2000,0.01,923,870
parity,skip,reorder,2000,0.01,924,1291
parity,skip,reorder,2000,0.01,925,599
parity,skip,reorder,2000,0.01,926,797
parity,skip,reorder,2000,0.01,927,1198
parity,skip,reorder,2000,0.01,928,1840
parity,skip,reorder,2000,0.01,929,207
parity,skip,reorder,2000,0.01,930,1320
parity,skip,reorder,2000,0.01,931,966
parity,skip,reorder,2000,0.01,932,194
parity,skip,reorder,2000,0.01,933,2025
parity,skip,reorder,2000,0.01,934,1262
parity,skip,reorder,2000,0.01,935,1174
parity,skip,reorder,2000,0.01,936,3464
parity,skip,reorder,2000,0.01,937,1016
parity,skip,reorder,2000,0.01,938,95
parity,skip,reorder,2000,0.01,939,2157
parity,skip,reorder,2000,0.01,940,1546
parity,skip,reorder,2000,0.01,941,1180
parity,skip,reorder,2000,0.01,942,922
parity,skip,reorder,2000,0.01,943,1289
parity,skip,reorder,2000,0.01,944,1155
parity,skip,reorder,2000,0.01,945,188
parity,skip,reorder,2000,0.01,946,1271
parity,skip,reorder,2000,0.01,947,4080
parity,skip,reorder,2000,0.01,948,741
parity,skip,reorder,2000,0.01,949,922
parity,skip,reorder,2000,0.01,950,687
